id,freelist_item,cleaned_name,unified_name,object_type,category,natural,taxonomic_content,taxonomic_object,animal-related,fiction-related,collectible,freelist_item_notes
1,Superheroes,superheroes,superheroes,toy figurines,toys,artifact,character,toy,,y,,
2,Hot wheels cars,hot wheels cars,hot wheels cars,cars,toys,artifact,vehicle,toy,,,y,
3,Dolls,dolls,dolls,dolls,toys,artifact,character,toy,,,,
4,Costumes,costumes,costumes,costumes,clothes,artifact,NA,clothing,,,,
5,Markers,markers,markers,markers,art / crafts / art supplies / stationery,artifact,NA,tool,,,,
6,Notebooks,notebooks,notebooks,notebooks,art / crafts / art supplies / stationery,artifact,NA,tool,,,,
7,Sketchbooks,sketchbooks,sketchbooks,sketchbooks,art / crafts / art supplies / stationery,artifact,NA,tool,,,,
8,Art supplies,art supplies,art supplies,art supplies,art / crafts / art supplies / stationery,artifact,NA,tool,,,,
9,Cars/trucks,cars and trucks,cars,cars,toys,artifact,vehicle,toy,,,,
10,Paw Patrol figures,paw patrol figures,paw patrol figures,toy figurines,toys,artifact,character,toy,y,y,y,
11,Bluey figures,bluey figures,bluey figures,toy figurines,toys,artifact,character,toy,y,,y,
12,Stuffed animals,stuffed animals,stuffed animals,stuffed animals,toys,artifact,animal,toy,y,,,
13,Hairbows,hairbows,hair bows,hair bows,clothes,artifact,NA,clothing,,,,
14,Books,books,books,books,books,artifact,NA,media,,,,
15,rocks,rocks,rocks,rocks,rocks,natural,NA,natural,,,,
16,coins,coins,coins,coins,money,artifact,NA,money,,,,
17,sticks,sticks,sticks,sticks,sticks,natural,NA,natural,,,,
18,Pokemon cards,pokemon cards,pokemon cards,trading cards,trading cards,artifact,character,cards,y,y,y,
19,pokemon in video games,pokemon (video game),pokemon (video game),digital objects,digital,artifact,character,digital,y,y,y,
20,mario legos,mario legos,mario legos,legos,toys,artifact,character,construction,,y,y,
21,stuffed animals,stuffed animals,stuffed animals,stuffed animals,toys,artifact,animal,toy,y,,,
22,books,books,books,books,books,artifact,NA,media,,,,
23,American Girl Magazines,american girl magazines,american girl magazines,magazines,books,artifact,character,media,,y,y,
24,American Girl Books,american girl books,american girl books,books,books,artifact,character,media,,y,y,
25,Green Candies,green candies,green candy,candy,perishables,artifact,NA,food,,,,
26,Fabric for Sewing projects,fabric,fabric,fabric,clothes,artifact,NA,clothing,,,,
27,Lego,legos,legos,legos,toys,artifact,NA,construction,,,y,
28,Pok√©mon cards,pokemon cards,pokemon cards,trading cards,trading cards,artifact,character,cards,y,y,y,
29,Badges,badges,badges,badges,small decorative objects,artifact,NA,knickknack,,,,
30,Stones,stones,rocks,rocks,rocks,natural,NA,natural,,,,
31,Hotwheels  cars,hotwheels cars,hot wheels cars,cars,toys,artifact,vehicle,toy,,,y,
32,My little pony shirts,my little pony shirt,my little pony shirt,shirts,clothes,artifact,character,media,,,,
33,plastic animals,plastic animals,animal figurines,toy figurines,toys,artifact,animal,toy,,,,
34,Rocks,rocks,rocks,rocks,rocks,natural,NA,natural,,,,
35,Shells,shells,shells,shells,shells,natural,NA,natural,,,,
36,cats vs. pickles,cats vs. pickles,cats vs. pickles,stuffed animals,toys,artifact,animal,toy,y,,y,
37,rocks / stones,rocks and stones,rocks,rocks,rocks,natural,NA,natural,,,,
38,trinkets,trinkets,trinkets,trinkets,small decorative objects,artifact,NA,knickknack,,,,
39,gund bears,gund bears,stuffed animals,stuffed animals,toys,artifact,animal,toy,y,,,
40,cute stuffed animals,cute stuffed animals,stuffed animals,stuffed animals,toys,artifact,animal,toy,y,,,
41,Magic: The Gathering,Magic cards,Magic cards,trading cards,trading cards,artifact,character,cards,y,y,y,
42,vehicles,vehicles,cars,cars,toys,artifact,vehicle,toy,,,,
43,Pins,pins,pins,pins,small decorative objects,artifact,NA,knickknack,,,,
44,Little figurines,little figurines,figurines,toy figurines,toys,artifact,NA,toy,,,y,
45,Stickers,stickers,stickers,stickers,stickers,artifact,NA,stickers,,,,
46,Squishables (little stuffed animals),squishables,stuffed animals,stuffed animals,toys,artifact,animal,toy,y,,,
47,Small stuffed animals,small stuffed animals,stuffed animals,stuffed animals,toys,artifact,animal,toy,y,,,
48,leaves,leaves,leaves,leaves,plant-related objects,natural,NA,natural,,,,
49,pine cones,pine cones,pine cones,pine cones,plant-related objects,natural,NA,natural,,,,
50,gum wrappers,gum wrappers,gum wrappers,gum wrappers,small decorative objects,artifact,NA,knickknack,,,,
51,"packaging with Elsa on it (from cheese, cereal, etc.)",Elsa packaging,Elsa objects,packaging,packaging,artifact,character,knickknack,,y,,
52,shells,shells,shells,shells,shells,natural,NA,natural,,,,
53,Pokemon Cards,pokemon cards,pokemon cards,trading cards,trading cards,artifact,character,cards,y,y,y,
54,Beyblades,beyblades,beyblades,toy figurines,toys,artifact,NA,toy,,,y,
55,"gems (rhinestones, sticker gems)",gems,gems,gems,small decorative objects,artifact,NA,knickknack,,,,
56,"Rocks - over the years, if we go somewhere either special like the Grand Canyon or to the creek down the street, she has picked these up; as she has grown, this collection continues.",rocks,rocks,rocks,rocks,natural,NA,natural,,,,
57,"Dolls - specifically American Girl dolls; she has a few of her own and has worked with my father to showcase them by making them individual ""bedrooms"" on bookshelves",american girl dolls,american girl dolls,dolls,toys,artifact,character,toy,,y,y,
58,Pressed Pennies - when we visit Disney World she has collected these as a souvenir,pressed pennies,pressed pennies,commemorative coins,memorabilia,artifact,NA,knickknack,,,y,
59,dolls,dolls,dolls,dolls,toys,artifact,character,toy,,,,
60,dinosaurs,dinosaurs,dinosaurs,dinosaurs,toys,artifact,animal,toy,y,,,
61,stuffed animal puppies,stuffed animal puppies,stuffed animals,stuffed animals,toys,artifact,animal,toy,y,,,
62,lego,legos,legos,legos,toys,artifact,NA,construction,,,y,
63,trains,trains,trains,trains,toys,artifact,vehicle,toy,,,,
64,cardboard boxes,cardboard boxes,cardboard boxes,cardboard boxes,containers,artifact,NA,containers,,,,
65,crafting supplies,crafting supplies,art supplies,art supplies,art / crafts / art supplies / stationery,artifact,NA,tool,,,,
66,tiger toys,tiger toys,tiger toys,stuffed animals,toys,artifact,animal,toy,y,,,snuggly
67,recyclable plastic containers,recyclable plastic containers,plastic containers,plastic containers,containers,artifact,NA,containers,,,,
68,stickers,stickers,stickers,stickers,stickers,artifact,NA,stickers,,,,
69,Dinosaur toys,dinosaur toys,dinosaurs,toy figurines,toys,artifact,animal,toy,y,,,
70,Dinosaur books,dinosaur books,dinosaur books,books,books,artifact,animal,media,y,,,
71,fossils,fossils,fossils,fossils,fossils,natural,animal,natural,y,,,
72,prehistoric animal toys,prehistoric animal toys,prehistoric animal toys,toy figurines,toys,artifact,animal,toy,y,,,
73,books about animals,animal books,animal books,books,books,artifact,animal,media,y,,,
74,Seashells,shells,shells,shells,shells,natural,NA,natural,,,,
75,Lol dolls,lol dolls,lol dolls,dolls,dolls,artifact,character,toy,,,y,
76,Mario Toys,mario toys,mario toys,toy figurines,toys,artifact,character,toy,,y,,
77,Craft supplies,craft supplies,art supplies,art supplies,art / crafts / art supplies / stationery,artifact,NA,tool,,,,
78,Baby dolls,baby dolls,dolls,dolls,toys,artifact,character,toy,,,,
79,Coins,coins,coins,coins,money,artifact,NA,money,,,,
80,Beads/rocks,rocks and beads,rocks and beads,rocks,rocks,natural,NA,natural,,,,
81,Pine cones,pine cones,pine cones,pine cones,plant-related objects,natural,NA,natural,,,,
82,Hiking sticks,hiking sticks,sticks,sticks,sticks,natural,NA,natural,,,,
83,Colorful leaves,colorful leaves,leaves,leaves,plant-related objects,natural,NA,natural,,,,
84,"Penguin stickers, toys, photos","penguin stickers, toys, and photos",penguin-related objects,miscellaneous,toys,artifact,animal,toy,y,,,
85,mini things,mini things,mini things,miscellaneous,small decorative objects,artifact,NA,knickknack,,,,"""finding it on street, making it, buying from a store"""
86,cat stuff,cat stuff,cat-related objects,miscellaneous,miscellaneous,artifact,animal,toy,y,,,"""display and play"", ""because they are cute and she loves cats"""
87,cute stickers,cute stickers,stickers,stickers,stickers,artifact,NA,stickers,,,,
88,black clothing,black clothing,black clothing,clothes,clothes,artifact,NA,clothing,,,,
89,cute stuffies,cute stuffies,stuffed animals,stuffed animals,toys,artifact,animal,toy,y,,,
90,Her art projects,art projects,art projects,art,art / crafts / art supplies / stationery,artifact,NA,art,,,,
91,Flowers she picks outside,flowers,flowers,flowers,plant-related objects,natural,NA,natural,,,,
92,Sticks/seeds/leaves,"sticks, seeds, and leaves",sticks+seeds+leaves,sticks,sticks,natural,NA,natural,,,,
93,Acorns,acorns,acorns,acorns,plant-related objects,natural,NA,natural,,,,
94,Stamps,stamps,stamps,stamps,stamps,artifact,NA,tool,,,y,
95,Bandaids,bandaids,bandaids,bandaids,bandaids,artifact,NA,tool,,,,
96,fidget toys,fidget toys,fidget toys,active toys,toys,artifact,NA,toy,,,,
97,bubble popit toys,bubble pop it toys,pop it toys,active toys,toys,artifact,NA,toy,,,,
98,macaron themed items,macaron themed items,macaron-related objects,miscellaneous,miscellaneous,artifact,NA,unknown,,,,"some displayed, some (eraser, pillow) used"
99,squishy foam toys,squishy foam toys,foam toys,active toys,toys,artifact,NA,toy,,,,
100,stationary,stationery,stationery,stationery,art / crafts / art supplies / stationery,artifact,NA,tool,,,,
101,notebooks,notebooks,notebooks,notebooks,art / crafts / art supplies / stationery,artifact,NA,tool,,,,
102,room decor items,room decor items,room décor,miscellaneous,small decorative objects,artifact,NA,other,,,,
103,barbie dolls,barbie dolls,barbie dolls,dolls,toys,artifact,character,toy,,,,
104,Slime,slime,slime,slime,art / crafts / art supplies / stationery,artifact,NA,toy,,,,
105,Sticks,sticks,sticks,sticks,sticks,natural,NA,natural,,,,
106,Journals,journals,journals,journals,art / crafts / art supplies / stationery,artifact,NA,tool,,,,
107,Magnets,magnets,magnets,magnets,small decorative objects,artifact,NA,knickknack,,,,
108,Horse items,horse items,horse-related objects,miscellaneous,miscellaneous,artifact,animal,toy,y,,,horse-related stuffed animals and jewelry
109,Stickers and erasers,stickers and erasers,stickers+erasers,stickers,stickers,artifact,NA,stickers,,,,
110,Cat related items/cheetah print,cat-related items and cheetah print,cat-related objects,miscellaneous,miscellaneous,artifact,animal,unknown,y,,,found or gifts
111,Necklaces and jewelry,necklaces and jewelry,jewelry,jewelry,jewelry,artifact,NA,clothing,,,,
112,Bright colored items,bright-colored items,bright-colored objects,miscellaneous,miscellaneous,artifact,NA,unknown,,,,ex. trains
113,Legos,legos,legos,legos,toys,artifact,NA,construction,,,y,
114,Toy Trains,toy trains,trains,trains,toys,artifact,vehicle,toy,,,,
115,gems,gems,gems,rocks,rocks,natural,NA,natural,,,,
116,hair clips,hair clips,hair clips,hair clips,clothes,artifact,NA,clothing,,,,
117,Pop it‚Äôs,pop its,pop it toys,active toys,toys,artifact,NA,toy,,,,
118,Fidgets,fidget toys,fidget toys,active toys,toys,artifact,NA,toy,,,,
119,Gabby‚Äôs dollhouse toys,gabby's dollhouse toys,dolls,dolls,toys,artifact,character,toy,,,,
120,Surprise blind bag toys,blind bag toys,blind bag collectibles,toy figurines,toys,artifact,NA,toy,,,y,
121,Candy,candy,candy,candy,perishables,artifact,NA,food,,,,
122,Flowers,flowers,flowers,flowers,plant-related objects,natural,NA,natural,,,,
123,Bags,bags,bags,bags,containers,artifact,NA,containers,,,,
124,Keychains,keychains,keychains,keychains,small decorative objects,artifact,NA,knickknack,,,,
125,Baseball Cards,baseball cards,baseball cards,trading cards,cards,artifact,NA,cards,,,y,
126,Hotel Key Cards,hotel key cards,hotel key cards,key cards,cards,artifact,NA,cards,,,,
127,Currency of Different Countries,foreign currency,foreign currency,money,money,artifact,NA,money,,,,
128,Found Treasures from parks/beaches/etc.,"found treasures from parks, beaches, etc..",outdoor treasures,miscellaneous,miscellaneous,artifact or natural,NA,knickknack,,,,
129,Origami,origami,origami,origami,art / crafts / art supplies / stationery,artifact,NA,art,,,,
130,Lego Building Kits,lego building kits,legos,legos,toys,artifact,NA,construction,,,y,
131,Stuffed Animals,stuffed animals,stuffed animals,stuffed animals,toys,artifact,animal,toy,y,,,
132,Pokemon,pokemon,pokemon cards,trading cards,toys,artifact,character,cards,y,y,y,pokemon cards
133,Pressed Pennies,pressed pennies,pressed pennies,commemorative coins,memorabilia,artifact,NA,knickknack,,,y,
134,Schleich figurines,Schleich figurines,animal figurines,toy figurines,toys,artifact,animal,toy,y,,y,
135,Flags,flags,flags,flags,flags,artifact,NA,flags,,,,
136,NFL stickers,NFL stickers,stickers,stickers,stickers,artifact,NA,stickers,,,,
137,LOL Dolls,lol dolls,dolls,dolls,toys,artifact,character,toy,,,y,
138,Garbage trucks,garbage trucks,trucks,cars,toys,artifact,vehicle,toy,,,,
139,Monster trucks,monster trucks,trucks,cars,toys,artifact,vehicle,toy,,,,
140,"pokemons on phone game ""pokemon go""",pokemon (video game),pokemon (video game),digital objects,digital,artifact,character,digital,y,y,y,
141,costumes,costumes,costumes,costumes,clothes,artifact,NA,clothing,,,,
142,Dinosaurs,dinosaurs,dinosaurs,dinosaurs,toys,artifact,animal,toy,y,,,
143,Plushies,plushies,stuffed animals,stuffed animals,toys,artifact,animal,toy,y,,,
144,Paw Patrol stuffed animals,paw patrol stuffed animals,stuffed animals,stuffed animals,toys,artifact,character,toy,y,y,,
145,Paw Patrol clothing,paw patrol clothing,paw patrol clothing,clothes,clothes,artifact,character,clothing,y,y,,
146,Paw Patrol silverware,paw patrol silverware,paw patrol silverware,silverware,silverware,artifact,character,tool,y,y,,
147,hot wheels cars,hot wheels cars,hot wheels cars,cars,toys,artifact,vehicle,toy,,,y,
148,flowers,flowers,flowers,flowers,plant-related objects,natural,NA,natural,,,,
149,Squishies,squishies,squishies,active toys,toys,artifact,NA,toy,,,,
150,Rocks and Flowers,rocks and flowers,rocks+flowers,rocks,rocks,natural,NA,natural,,,,
151,Certificates,certificates,certificates,certificates,memorabilia,artifact,NA,memorabilia,,,,
152,Plastic gold coins,plastic gold coins,plastic gold coins,coins,money,artifact,NA,money,,,,
153,Leaves,leaves,leaves,leaves,plant-related objects,natural,NA,natural,,,,
154,Drawings,drawings,drawings,art,art / crafts / art supplies / stationery,artifact,NA,art,,,,
155,"Titanic stuff (books, coloring books)",Titanic stuff,Titanic-related books,books,books,artifact,NA,media,,,,
156,Stuffies,stuffies,stuffed animals,stuffed animals,toys,artifact,animal,toy,y,,,
157,Kinetic sand,kinetic sand,kinetic sand,active toys,toys,artifact,NA,toy,,,,
158,Transformers,transformers,transformers,toy figurines,toys,artifact,character,toy,,y,,
159,Video games,video games,video games,video games,games,artifact,NA,media,,y,,
160,PopIts,pop its,pop it toys,active toys,toys,artifact,NA,toy,,,,
161,"Different types of plastic, glass rocks (diamonds)","plastic, glass, and rocks",plastic+glass+rocks,gems,rocks,artifact,NA,knickknack,,,,
162,Hess trucks,Hess trucks,Hess trucks,cars,toys,artifact,vehicle,toy,,,y,
163,Little cars,little cars,cars,cars,toys,artifact,vehicle,toy,,,,
164,Funco Pops,funko pops,funko figures,toy figurines,toys,artifact,character,toy,,y,y,
165,Rocks and gems,rocks and gems,rocks+gems,rocks,rocks,natural,NA,natural,,,,
166,Barbies,barbies,barbie dolls,dolls,toys,artifact,character,toy,,,,
167,Rocks and gemstones,rocks and gemstones,rocks+gemstones,rocks,rocks,natural,NA,natural,,,,
168,anything penguin,anything penguin,penguin-related objects,miscellaneous,miscellaneous,artifact,animal,unknown,y,,,"found, store-bought or gifts"
169,live animals,live animals,animals,animals,animals,natural,animal,natural,y,,,
170,Matchbox cars,matchbox cars,matchbox cars,cars,toys,artifact,vehicle,toy,,,y,
171,Little plastic gems,little plastic gems,gems,gems,small decorative objects,artifact,NA,knickknack,,,,
172,Bakugan toys,bakugan toys,bakugan toys,toys,toys,artifact,character,toy,,,,
173,Thomas trains,thomas trains,thomas trains,trains,toys,artifact,character,toy,,y,,
174,toy cars,toy cars,cars,cars,toys,artifact,vehicle,toy,,,,
175,train tracks,train tracks,train tracks,train tracks,toys,artifact,vehicle,toy,,,,
176,Firetrucks,firetrucks,firetrucks,cars,toys,artifact,vehicle,toy,,,,
177,Horses/unicorns,horses and unicorns,horses+unicorns,toy figurines,toys,artifact,animal,toy,y,,,
178,Animal toys,animal toys,animal toys,toy figurines,toys,artifact,animal,toy,y,,,
179,old army and firemen memorabilia,old army and firemen memorabilia,army+firemen memorabilia,miscellaneous,memorabilia,artifact,NA,memorabilia,,,,
180,"old coins, pennies mostly","old coins, pennies mostly",old coins,coins,money,artifact,NA,money,,,,
181,pocket knives and multi-tools,pocket knives and multi-tools,pocket knives+multi-tools,pocket knives,tools,artifact,NA,tool,,,,
182,golf balls,golf balls,golf balls,balls,balls,artifact,NA,sports equipment,,,,
183,seeds,seeds,seeds,seeds,plant-related objects,natural,NA,natural,,,,
184,shells and rocks,shells and rocks,shells+rocks,shells,shells,natural,NA,natural,,,,
185,legos,legos,legos,legos,toys,artifact,NA,construction,,,y,
186,quarters,quarters,quarters,coins,money,artifact,NA,money,,,,
187,Playmobils (toy),Playmobils (toy),legos,legos,toys,artifact,NA,construction,,,y,
188,Frogs,frogs,frogs,toy figurines,toys,artifact,animal,toy,y,,,"from Amazon, ""Arrange them, admire, use and play"""
189,Candles,candles,candles,candles,small decorative objects,artifact,NA,other,,,,
190,Squishmallows,squishmallows,stuffed animals,stuffed animals,toys,artifact,animal,toy,y,,,
191,Crystals,crystals,crystals,rocks,rocks,natural,NA,natural,,,,
192,Gnomes,gnomes,gnomes,gnomes,small decorative objects,artifact,character,knickknack,,,,
193,Manga,manga,manga,books,books,artifact,NA,media,,y,,
194,Roblux,roblox,roblox,digital objects,digital,artifact,NA,digital,,,,
195,Blankets,blankets,blankets,blankets,blankets,artifact,NA,tool,,,,
196,seashells,seashells,shells,shells,shells,natural,NA,natural,,,,
197,buttons,buttons,buttons,buttons,small decorative objects,artifact,NA,knickknack,,,,
198,ribbons,ribbons,ribbons,ribbons,small decorative objects,artifact,NA,knickknack,,,,
199,pinecones,pine cones,pine cones,pine cones,plant-related objects,natural,NA,natural,,,,
200,Hippo figures,hippo figures,hippo figures,toy figurines,toys,artifact,animal,toy,y,,,
201,State Quarters,state quarters,quarters,coins,money,artifact,NA,money,,,,
202,Bags (small bags),bags (small bags),bags,bags,containers,artifact,NA,containers,,,,
203,Crayons and markers,crayons and markers,crayons+markers,crayons,art / crafts / art supplies / stationery,artifact,NA,tool,,,,
204,Balloons,balloons,balloons,balloons,small decorative objects,artifact,NA,knickknack,,,,
205,Posters,posters,posters,posters,art / crafts / art supplies / stationery,artifact,NA,media,,,,
206,1:6 toy soldiers,1:6 toy soldiers,toy soldiers,toy figurines,toys,artifact,NA,toy,,,,
207,Model airplanes,model airplanes,model airplanes,model airplanes,toys,artifact,vehicle,toy,,,,
208,Beanie boos,beanie boos,stuffed animals,stuffed animals,toys,artifact,animal,toy,,,,
209,American girl doll accessories,american girl doll accessories,american girl doll accessories,miscellaneous,clothes,artifact,character,clothing,,y,y,
210,horse products,horse products,horse-related objects,miscellaneous,miscellaneous,artifact,animal,unknown,y,,,
211,Baby blankets,baby blankets,baby blankets,blankets,blankets,artifact,NA,tool,,,,
212,Gems,gems,gems,rocks,rocks,natural,NA,natural,,,,
213,Golf balls,golf balls,golf balls,balls,balls,artifact,NA,sports equipment,,,,
214,Make up,makeup,makeup,makeup,makeup,artifact,NA,other,,,,
215,Gemstones,gemstones,gems,rocks,rocks,natural,NA,natural,,,,
216,His drawings,his drawings,drawings,drawings,art / crafts / art supplies / stationery,artifact,NA,art,,,,
217,Sea shells,seashells,shells,shells,shells,natural,NA,natural,,,,
218,Yu-gi-oh cards,yu-gi-oh cards,yu-gi-oh cards,trading cards,cards,artifact,character,cards,,y,y,
219,Bay brades,beyblades,beyblades,toy figurines,toys,artifact,NA,toy,,,y,
220,tip toi books,tiptoi books,tiptoi books,books,books,artifact,NA,media,,,,
221,To go menus,to-go menus,to-go menus,menus,menus,artifact,NA,other,,,,
222,LOLs,lols,lol dolls,dolls,toys,artifact,character,toy,,,y,
223,Pop its,pop its,pop it toys,active toys,toys,artifact,NA,toy,,,,
224,Rocks/Gemstones,rocks and gemstones,rocks+gemstones,rocks,rocks,natural,NA,natural,,,,
225,Animal Figures,animal figures,animal figurines,toy figurines,toys,artifact,animal,toy,y,,,
226,Action Figures,action figures,action figures,toy figurines,toys,artifact,character,toy,,,y,
227,Video Game Characters,video game characters,video game characters,digital objects,digital,artifact,character,digital,,y,y,
228,Dragons,dragons,dragons,toy figurines,toys,artifact,animal,toy,y,,,
229,stuffed animals (bunnies),stuffed animals (bunnies),stuffed animals,stuffed animals,toys,artifact,animal,toy,y,,,
230,bracelets,bracelets,bracelets,jewelry,jewelry,artifact,NA,clothing,,,,
231,clothes,clothes,clothes,clothes,clothes,artifact,NA,clothing,,,,
232,cards,cards,cards,cards,cards,artifact,NA,cards,,,,likes pictures on them
233,animals,animals,animals,toy figurines,toys,artifact,animal,toy,y,,,"""They are toys she likes."""
234,other toys,other toys,toys,toys,toys,artifact,NA,toy,,,,
235,Pusheens,pusheens,pusheens,stuffed animals,toys,artifact,character,toy,y,,,
236,Funko figures,funko figures,funko figures,toy figurines,toys,artifact,character,toy,,y,y,
237,Cars/trucks/construction vehicles,cars and trucks and construction vehicles,cars,cars,toys,artifact,vehicle,toy,,,,
238,Tools- play and real,tools (play and real),tools,tools,tools,artifact,NA,tool,,,,
239,Jewelry,jewelry,jewelry,jewelry,jewelry,artifact,NA,clothing,,,,
240,Stickers/art supplies,stickers and art supplies,stickers,stickers,stickers,artifact,NA,stickers,,,,
241,matchbox cars,matchbox cars,matchbox cars,cars,toys,artifact,vehicle,toy,,,y,
242,art supplies,art supplies,art supplies,art supplies,art / crafts / art supplies / stationery,artifact,NA,tool,,,,
243,Cars,cars,cars,cars,toys,artifact,vehicle,toy,,,,
244,Crayons,crayons,crayons,crayons,art / crafts / art supplies / stationery,artifact,NA,tool,,,,
245,Train,train,trains,trains,toys,artifact,vehicle,toy,,,,
246,Nerf Guns,nerf guns,nerf guns,nerf guns,toys,artifact,NA,toy,,,,
247,Bottle Caps,bottle caps,bottle caps,bottle caps,small decorative objects,artifact,NA,knickknack,,,,
248,Matchbox Cars,matchbox cars,matchbox cars,cars,toys,artifact,vehicle,toy,,,y,
249,Video Games,video games,video games,video games,games,artifact,NA,media,,y,,
250,Silly songs on spotify,silly songs on spotify,songs,songs,digital,artifact,NA,media,,,,
251,Minecraft stuffed animals,minecraft stuffed animals,minecraft stuffed animals,stuffed animals,toys,artifact,character,toy,,y,,
252,Star Wars toys,star wars toys,star wars toys,star wars toys,toys,artifact,character,toy,,y,,
253,Lego sets,lego sets,legos,legos,toys,artifact,NA,construction,,,y,
254,Frozen (movie) toys,frozen (movie) toys,frozen toys,toy figurines,toys,artifact,character,toy,,y,,"""she enjoys the characters"""
255,Small toys,small toys,small toys,small toys,toys,artifact,NA,toy,,,,
256,feathers,feathers,feathers,feathers,small decorative objects,natural,NA,natural,,,,
257,Items with Minnie Mouse,items with minnie mouse,minnie mouse-related objects,miscellaneous,miscellaneous,artifact,character,unknown,,y,,store-bought or gifts
258,tissue boxes,tissue boxes,tissue boxes,cardboard boxes,art / crafts / art supplies / stationery,artifact,NA,art,,,,"""he draws on them and make them look like bus/fire truck/robots"""
259,pokemon cards,pokemon cards,pokemon cards,trading cards,trading cards,artifact,character,cards,y,y,y,
260,lego creator sets,lego creator sets,legos,legos,toys,artifact,NA,construction,,,,
261,animal figurines,animal figurines,animal figurines,toy figurines,toys,artifact,animal,toy,y,,,
262,glass figurines,glass figurines,glass figurines,glass figurines,small decorative objects,artifact,NA,knickknack,,,,
263,fidgets,fidgets,fidget toys,active toys,toys,artifact,NA,toy,,,,
264,blankets,blankets,blankets,blankets,blankets,artifact,NA,tool,,,,
265,slime,slime,slime,slime,art / crafts / art supplies / stationery,artifact,NA,toy,,,,
266,fuzzy socks,fuzzy socks,fuzzy socks,fuzzy socks,clothes,artifact,NA,clothing,,,,
267,Game character figurines (ie sonic the hedgehog ),game character figurines,game character figurines,toy figurines,toys,artifact,character,toy,,y,,
268,nuts/seeds,nuts and seeds,nuts+seeds,nuts,nuts,natural,NA,natural,,,,"""She gathers these outdoors in various places."""
269,Pok√©mon Cards,pokemon cards,pokemon cards,trading cards,trading cards,artifact,character,cards,y,y,y,
270,Stretchy Gujitsu guys,stretchy gujitsu guys,jiujitsu figures,active toys,toys,artifact,NA,toy,,,,
271,Rubik‚Äôs cubes,rubik's cubes,rubik's cubes,active toys,toys,artifact,NA,toy,,,,
272,stuffies (stuffed animals),stuffies,stuffed animals,stuffed animals,toys,artifact,animal,toy,y,,,
273,sea shells,shells,shells,shells,shells,natural,NA,natural,,,,
274,walking sticks,walking sticks,sticks,sticks,sticks,natural,NA,natural,,,,
275,vision boards,vision boards,vision boards,vision boards,art / crafts / art supplies / stationery,artifact,NA,art,,,,
276,american girl dolls,american girl dolls,american girl dolls,dolls,toys,artifact,character,toy,,y,y,
277,craft supplies,craft supplies,craft supplies,art supplies,art / crafts / art supplies / stationery,artifact,NA,tool,,,,
278,candy,candy,candy,candy,perishables,artifact,NA,food,,,,
279,Sports memorabilia - specifically anything to do with football both collegiate and NFL,sports memorabilia,sports memorabilia,sports memorabilia,memorabilia,artifact,NA,memorabilia,,,,"gifts, displayed in room"
280,Video game pets in Roblox,video game pets in roblox,roblox pets,digital objects,digital,artifact,animal,digital,y,,,
281,Dog figures,dog figures,animal figurines,toy figurines,toys,artifact,animal,toy,y,,,
282,Horses,horses,animal figurines,toy figurines,toys,artifact,animal,toy,y,,,
283,Beads,beads,beads,beads,art / crafts / art supplies / stationery,artifact,NA,tool,,,,
284,LOL Surprise Dolls,lol surprise dolls,lol dolls,dolls,toys,artifact,character,toy,,,y,
285,Barbie Dolls,barbie dolls,barbie dolls,dolls,toys,artifact,character,toy,,,,
286,mini dolls,mini dolls,mini dolls,dolls,toys,artifact,NA,toy,,,,
287,markers,markers,markers,markers,art / crafts / art supplies / stationery,artifact,NA,tool,,,,
288,Transformer toys,transformer toys,transformers,toy figurines,toys,artifact,character,toy,,y,,
289,super mario race cars,super mario race cars,mario cars,cars,toys,artifact,character,toy,,y,,
290,Fashion Accessories,fashion accessories,fashion accessories,miscellaneous,clothes,artifact,NA,clothing,,,,
291,Pictures,pictures,pictures,pictures,art / crafts / art supplies / stationery,artifact,NA,art,,,,self-created
292,Writing,writing,writing,writing,art / crafts / art supplies / stationery,artifact,NA,media,,,,self-written
293,Bouncy balls,bouncy balls,bouncy balls,balls,toys,artifact,NA,toy,,,,
294,Cute or fancy pens,cute or fancy pens,pens,pens,art / crafts / art supplies / stationery,artifact,NA,tool,,,,
295,Random small trinkets,random small trinkets,trinkets,trinkets,small decorative objects,artifact,NA,knickknack,,,,
296,Figurines,figurines,figurines,toy figurines,toys,artifact,NA,toy,,,,
297,Nerf guns,nerf guns,nerf guns,nerf guns,toys,artifact,NA,toy,,,,
298,Playing cards,playing cards,playing cards,cards,cards,artifact,NA,cards,,,,
299,Pens,pens,pens,pens,art / crafts / art supplies / stationery,artifact,NA,tool,,,,
300,Magnet tiles,magnet tiles,magnet tiles,magnet tiles,toys,artifact,NA,toy,,,,
301,Paw Patrol,paw patrol,paw patrol,toy figurines,toys,artifact,character,toy,y,y,,
302,Animals books,animal books,animal books,books,books,artifact,NA,media,y,,,
303,Kids Tools,kids tools,tools,tools,tools,artifact,NA,tool,,,,
304,Rocks/gems,rocks and gems,rocks+gemstones,rocks,rocks,natural,NA,natural,,,,
305,Tools,tools,tools,tools,tools,artifact,NA,tool,,,,
306,rocks and pebbles,rocks and pebbles,rocks,rocks,rocks,natural,NA,natural,,,,
307,"small toys - characters like daniel tiger, toy story, etc.",small toys,small toys,small toys,toys,artifact,character,toy,,y,,
308,dinosaur toys,dinosaur toys,dinosaurs,dinosaurs,toys,artifact,animal,toy,y,,,
309,Princess things,princess things,princess-related objects,clothes,clothes,artifact,character,clothing,,,,"imaginative play, dress-up (clothing)"
310,Artwork,artwork,art,art,art / crafts / art supplies / stationery,artifact,NA,art,,,,
311,PJ Masks toys,pj masks toys,pj masks toys,toy figurines,toys,artifact,character,toy,,y,,
312,Ryan's World toys,ryan's world toys,ryan's world toys,toys,toys,artifact,NA,toy,,,,
313,Super Mario Bros legos,super mario bros legos,mario legos,legos,legos,artifact,NA,construction,,y,y,
314,Trains,trains,trains,trains,toys,artifact,vehicle,toy,,,,
315,Watches,watches,watches,jewelry,jewelry,artifact,NA,clothing,,,,
316,Bracelets,bracelets,bracelets,jewelry,jewelry,artifact,NA,clothing,,,,
317,Trucks,trucks,trucks,cars,toys,artifact,vehicle,toy,,,,
318,Match box cars,matchbox cars,matchbox cars,cars,toys,artifact,vehicle,toy,,,y,
319,Beanie Boos,beanie boos,stuffed animals,stuffed animals,toys,artifact,animal,toy,,,,
320,Disney Dolls,disney dolls,disney dolls,dolls,toys,artifact,character,toy,,y,,
321,Horse figurines,horse figurines,animal figurines,toy figurines,toys,artifact,animal,toy,y,,,
322,Stuffed animals (stuffies),stuffed animals,stuffed animals,stuffed animals,toys,artifact,animal,toy,y,,,
323,Characters in Blooket (called Blooks),characters in blooket,blooks,digital objects,digital,artifact,character,digital,,y,y,
324,Animal figurine,animal figurine,animal figurines,toy figurines,toys,artifact,animal,toy,y,,,
325,rainbow loom bracelet,rainbow loom bracelet,bracelets,jewelry,jewelry,artifact,NA,clothing,,,,
326,erasers,erasers,erasers,erasers,art / crafts / art supplies / stationery,artifact,NA,tool,,,,
327,Baseball cards,baseball cards,baseball cards,trading cards,cards,artifact,NA,cards,,,y,
328,Football cards,football cards,football cards,trading cards,cards,artifact,NA,cards,,,y,
329,Disney pins,disney pins,disney pins,pins,small decorative objects,artifact,character,knickknack,,y,,
330,wireless ear buds,wireless earbuds,wireless earbuds,wireless earbuds,electronics,artifact,NA,tool,,,,
331,erasable pens,erasable pens,erasable pens,pens,art / crafts / art supplies / stationery,artifact,NA,tool,,,,
332,Godzilla toys,godzilla toys,godzilla toys,toy figurines,toys,artifact,character,toy,,y,,
333,Hats,hats,hats,hats,clothes,artifact,NA,clothing,,,,
334,Fidget toys,fidget toys,fidget toys,active toys,toys,artifact,NA,toy,,,,
335,beanie boos,beanie boos,stuffed animals,stuffed animals,toys,artifact,animal,toy,,,,
336,Pencils,pencils,pencils,pencils,art / crafts / art supplies / stationery,artifact,NA,tool,,,,
337,Balls,balls,balls,balls,balls,artifact,NA,sports equipment,,,,
338,Kinder egg toys,kinder egg toys,kinder egg toys,toy figurines,toys,artifact,NA,toy,,,,
339,rocks and geodes,rocks and geodes,rocks,rocks,rocks,natural,NA,natural,,,,
340,legos builds,legos builds,legos,legos,legos,artifact,NA,construction,,,y,
341,"Lego Sets, specifically Harry Potter and Super Mario lego",lego sets,legos,legos,legos,artifact,NA,construction,,y,y,
342,Sports Trading Cards,sports trading cards,sports trading cards,trading cards,cards,artifact,NA,cards,,,y,
343,Footballs,footballs,footballs,balls,balls,artifact,NA,sports equipment,,,,
344,Power Rangers,power rangers,power rangers,toy figurines,toys,artifact,character,toy,,y,,
345,Fortnite Skins,fortnite skins,fortnite skins,digital objects,digital,artifact,character,digital,,y,y,
346,Art Supplies,art supplies,art supplies,art supplies,art / crafts / art supplies / stationery,artifact,NA,tool,,,,
347,Board Games,board games,board games,board games,games,artifact,NA,media,,,,
348,Makeup,makeup,makeup,makeup,makeup,artifact,NA,other,,,,
349,LOL dolls,lol dolls,dolls,dolls,toys,artifact,character,toy,,,y,
350,Markers in a Roblox video game,markers in a roblox video game,roblox markers,digital objects,digital,artifact,NA,digital,,,y,
351,robotics pins,robotics pins,robotics pins,pins,small decorative objects,artifact,NA,knickknack,,,,
352,Disney Cars,disney cars,disney cars,cars,toys,artifact,character,toy,,y,,
353,Sesame Street,sesame street,sesame street,sesame street,toys,artifact,character,toy,,y,,"books, figurines, puzzles, clothing"
354,Blues Clues,blues clues,blues clues,blues clues,toys,artifact,character,toy,,y,,characters from show
355,"Rocks, she'll collect from anywhere (just not private property without permission), parks, parking lots, on walks in nature & trips.",rocks,rocks,rocks,rocks,natural,NA,natural,,,,
356,"Strings, she uses them in independent play by themselves or with other toys.",strings,strings,strings,art / crafts / art supplies / stationery,artifact,NA,tool,,,,
357,"Rabbits as toys, stuffed toys, stickers, room decor - we have 2 as pets & she genuinely loves them.",rabbits,rabbits,miscellaneous,miscellaneous,artifact,animal,toy,y,,,
358,Dance costumes that she's performed in. She loves dancing & she wants to save her dance costumes for her own children for when she's older.,dance costumes,dance costumes,costumes,clothes,artifact,NA,clothing,,,,
359,"Stuffed animals, rabbits (Jellycat are her favorite) but she loves all bunnies, she also has some bears, flamingos, sea creatures, she is delighted with any stuffie.",stuffed animals,stuffed animals,stuffed animals,toys,artifact,animal,toy,y,,,
360,"Absolutely random stuff, no rhyme or reason most days, fast food milk bottle caps, artificial flowers that detached & fell to the ground at stores (only with permission), twist ties from the supermarket, you never know what she'll collect next.",random stuff,trinkets,trinkets,small decorative objects,artifact,NA,knickknack,,,,
361,Disney princess dolls (Barbie size),disney princess dolls,princess dolls,dolls,toys,artifact,character,toy,,y,,
362,Small figures from her favorite movies and tv shows,small figures from her favorite movies and tv shows,toy figurines,toy figurines,toys,artifact,character,toy,,y,,
363,Anything Mickey Mouse,anything mickey mouse,mickey mouse-related objects,miscellaneous,miscellaneous,artifact,character,unknown,,y,,store-bought or gifts
364,Pens/markers,pens and markers,pens+markers,pens,art / crafts / art supplies / stationery,artifact,NA,tool,,,,
365,Good 2 Grow juice bottle tops,good 2 grow juice bottle tops,good 2 grow bottle tops,bottle caps,small decorative objects,artifact,character,knickknack,,y,y,
366,Painted Rocks,painted rocks,painted rocks,rocks,rocks,artifact,NA,art,,,,
367,Marbles,marbles,marbles,marbles,toys,artifact,NA,toy,,,,
368,owl diaries books,owl diaries books,owl diaries books,books,books,artifact,character,media,y,y,,
369,barbies,barbies,barbie dolls,dolls,toys,artifact,character,toy,,,,
370,beads,beads,beads,beads,art / crafts / art supplies / stationery,artifact,NA,tool,,,,
371,Smooth sticks,smooth sticks,sticks,sticks,sticks,natural,NA,natural,,,,
372,Small cardboard creations,small cardboard creations,cardboard creations,cardboard creations,art / crafts / art supplies / stationery,artifact,NA,art,,,,
373,Cat vs pickles stuffed toys,cats vs pickles stuffed toys,cats vs. pickles,stuffed animals,toys,artifact,animal,toy,y,,y,
374,Crystals/gems,crystals and gems,crystals+gems,rocks,rocks,natural,NA,natural,,,,
375,Hot wheels,hot wheels,hot wheels cars,cars,toys,artifact,vehicle,toy,,,y,
376,bugs,bugs,bugs,animals,animals,natural,animal,natural,y,,,
377,plants,plants,plants,plants,plant-related objects,natural,NA,natural,,,,